seed,method,bin,bin_n,bin_n_positive,bin_mean_predicted,bin_fraction_positive,calibration_gap,brier_score,brier_uncalibrated_baseline,brier_improvement_vs_uncalibrated,log_loss,roc_auc,mean_predicted_probability,actual_prevalence,mean_pred_over_prevalence_ratio,score_min,score_median,score_p95,score_p99,score_max,f9_7_low_count,f9_7_low_pct,f9_7_medium_count,f9_7_medium_pct,f9_7_high_count,f9_7_high_pct,matched_threshold,matched_precision,matched_recall,matched_f1
42,sigmoid,0,118,4,0.014621355979132607,0.03389830508474576,0.019276949105613155,0.1061766066343522,0.17102073712871702,0.06484413049436481,0.3539354112116474,0.8031707056688374,0.1609945722016679,0.16156462585034015,0.9964716679429549,0.002990644760411569,0.11525367409984565,0.4572102735675089,0.693841088265859,0.8477533729490577,989,84.1,164,13.95,23,1.96,0.19709832935909297,0.3643835616438356,0.7,0.47927927927927927
42,sigmoid,1,118,4,0.03052606046447672,0.03389830508474576,0.003372244620269041,0.1061766066343522,0.17102073712871702,0.06484413049436481,0.3539354112116474,0.8031707056688374,0.1609945722016679,0.16156462585034015,0.9964716679429549,0.002990644760411569,0.11525367409984565,0.4572102735675089,0.693841088265859,0.8477533729490577,989,84.1,164,13.95,23,1.96,0.19709832935909297,0.3643835616438356,0.7,0.47927927927927927
42,sigmoid,2,117,8,0.04943774473796461,0.06837606837606838,0.01893832363810377,0.1061766066343522,0.17102073712871702,0.06484413049436481,0.3539354112116474,0.8031707056688374,0.1609945722016679,0.16156462585034015,0.9964716679429549,0.002990644760411569,0.11525367409984565,0.4572102735675089,0.693841088265859,0.8477533729490577,989,84.1,164,13.95,23,1.96,0.19709832935909297,0.3643835616438356,0.7,0.47927927927927927
42,sigmoid,3,118,7,0.06900620683201655,0.059322033898305086,-0.009684172933711467,0.1061766066343522,0.17102073712871702,0.06484413049436481,0.3539354112116474,0.8031707056688374,0.1609945722016679,0.16156462585034015,0.9964716679429549,0.002990644760411569,0.11525367409984565,0.4572102735675089,0.693841088265859,0.8477533729490577,989,84.1,164,13.95,23,1.96,0.19709832935909297,0.3643835616438356,0.7,0.47927927927927927
42,sigmoid,4,117,8,0.09620529972976603,0.06837606837606838,-0.02782923135369765,0.1061766066343522,0.17102073712871702,0.06484413049436481,0.3539354112116474,0.8031707056688374,0.1609945722016679,0.16156462585034015,0.9964716679429549,0.002990644760411569,0.11525367409984565,0.4572102735675089,0.693841088265859,0.8477533729490577,989,84.1,164,13.95,23,1.96,0.19709832935909297,0.3643835616438356,0.7,0.47927927927927927
42,sigmoid,5,118,9,0.13339328931105743,0.07627118644067797,-0.05712210287037946,0.1061766066343522,0.17102073712871702,0.06484413049436481,0.3539354112116474,0.8031707056688374,0.1609945722016679,0.16156462585034015,0.9964716679429549,0.002990644760411569,0.11525367409984565,0.4572102735675089,0.693841088265859,0.8477533729490577,989,84.1,164,13.95,23,1.96,0.19709832935909297,0.3643835616438356,0.7,0.47927927927927927
42,sigmoid,6,117,18,0.17617525011149446,0.15384615384615385,-0.022329096265340603,0.1061766066343522,0.17102073712871702,0.06484413049436481,0.3539354112116474,0.8031707056688374,0.1609945722016679,0.16156462585034015,0.9964716679429549,0.002990644760411569,0.11525367409984565,0.4572102735675089,0.693841088265859,0.8477533729490577,989,84.1,164,13.95,23,1.96,0.19709832935909297,0.3643835616438356,0.7,0.47927927927927927
42,sigmoid,7,118,21,0.23024917450342694,0.17796610169491525,-0.05228307280851169,0.1061766066343522,0.17102073712871702,0.06484413049436481,0.3539354112116474,0.8031707056688374,0.1609945722016679,0.16156462585034015,0.9964716679429549,0.002990644760411569,0.11525367409984565,0.4572102735675089,0.693841088265859,0.8477533729490577,989,84.1,164,13.95,23,1.96,0.19709832935909297,0.3643835616438356,0.7,0.47927927927927927
42,sigmoid,8,117,38,0.31225377384252145,0.3247863247863248,0.012532550943803344,0.1061766066343522,0.17102073712871702,0.06484413049436481,0.3539354112116474,0.8031707056688374,0.1609945722016679,0.16156462585034015,0.9964716679429549,0.002990644760411569,0.11525367409984565,0.4572102735675089,0.693841088265859,0.8477533729490577,989,84.1,164,13.95,23,1.96,0.19709832935909297,0.3643835616438356,0.7,0.47927927927927927
42,sigmoid,9,118,73,0.4979936154846108,0.6186440677966102,0.12065045231199939,0.1061766066343522,0.17102073712871702,0.06484413049436481,0.3539354112116474,0.8031707056688374,0.1609945722016679,0.16156462585034015,0.9964716679429549,0.002990644760411569,0.11525367409984565,0.4572102735675089,0.693841088265859,0.8477533729490577,989,84.1,164,13.95,23,1.96,0.19709832935909297,0.3643835616438356,0.7,0.47927927927927927
43,sigmoid,0,118,5,0.01363634208713363,0.0423728813559322,0.028736539268798572,0.10594627011639605,0.16785291343784964,0.06190664332145358,0.35695462103238207,0.7975552471442298,0.1602089500870223,0.16156462585034015,0.9916090805386222,0.0022588384003061424,0.11307801260846828,0.46391323758087655,0.6721305885361332,0.8240607988572302,991,84.27,164,13.95,21,1.79,0.19347976256499644,0.3793103448275862,0.6947368421052632,0.49070631970260226
43,sigmoid,1,118,6,0.03025264721217852,0.05084745762711865,0.02059481041494013,0.10594627011639605,0.16785291343784964,0.06190664332145358,0.35695462103238207,0.7975552471442298,0.1602089500870223,0.16156462585034015,0.9916090805386222,0.0022588384003061424,0.11307801260846828,0.46391323758087655,0.6721305885361332,0.8240607988572302,991,84.27,164,13.95,21,1.79,0.19347976256499644,0.3793103448275862,0.6947368421052632,0.49070631970260226
43,sigmoid,2,117,6,0.04930088014510966,0.05128205128205128,0.0019811711369416216,0.10594627011639605,0.16785291343784964,0.06190664332145358,0.35695462103238207,0.7975552471442298,0.1602089500870223,0.16156462585034015,0.9916090805386222,0.0022588384003061424,0.11307801260846828,0.46391323758087655,0.6721305885361332,0.8240607988572302,991,84.27,164,13.95,21,1.79,0.19347976256499644,0.3793103448275862,0.6947368421052632,0.49070631970260226
43,sigmoid,3,118,6,0.07065280774204397,0.05084745762711865,-0.01980535011492532,0.10594627011639605,0.16785291343784964,0.06190664332145358,0.35695462103238207,0.7975552471442298,0.1602089500870223,0.16156462585034015,0.9916090805386222,0.0022588384003061424,0.11307801260846828,0.46391323758087655,0.6721305885361332,0.8240607988572302,991,84.27,164,13.95,21,1.79,0.19347976256499644,0.3793103448275862,0.6947368421052632,0.49070631970260226
43,sigmoid,4,117,12,0.0989002814470083,0.10256410256410256,0.0036638211170942625,0.10594627011639605,0.16785291343784964,0.06190664332145358,0.35695462103238207,0.7975552471442298,0.1602089500870223,0.16156462585034015,0.9916090805386222,0.0022588384003061424,0.11307801260846828,0.46391323758087655,0.6721305885361332,0.8240607988572302,991,84.27,164,13.95,21,1.79,0.19347976256499644,0.3793103448275862,0.6947368421052632,0.49070631970260226
43,sigmoid,5,118,10,0.1303478295638956,0.0847457627118644,-0.04560206685203119,0.10594627011639605,0.16785291343784964,0.06190664332145358,0.35695462103238207,0.7975552471442298,0.1602089500870223,0.16156462585034015,0.9916090805386222,0.0022588384003061424,0.11307801260846828,0.46391323758087655,0.6721305885361332,0.8240607988572302,991,84.27,164,13.95,21,1.79,0.19347976256499644,0.3793103448275862,0.6947368421052632,0.49070631970260226
43,sigmoid,6,117,12,0.17025096105515727,0.10256410256410256,-0.06768685849105471,0.10594627011639605,0.16785291343784964,0.06190664332145358,0.35695462103238207,0.7975552471442298,0.1602089500870223,0.16156462585034015,0.9916090805386222,0.0022588384003061424,0.11307801260846828,0.46391323758087655,0.6721305885361332,0.8240607988572302,991,84.27,164,13.95,21,1.79,0.19347976256499644,0.3793103448275862,0.6947368421052632,0.49070631970260226
43,sigmoid,7,118,23,0.22422707131993308,0.19491525423728814,-0.029311817082644936,0.10594627011639605,0.16785291343784964,0.06190664332145358,0.35695462103238207,0.7975552471442298,0.1602089500870223,0.16156462585034015,0.9916090805386222,0.0022588384003061424,0.11307801260846828,0.46391323758087655,0.6721305885361332,0.8240607988572302,991,84.27,164,13.95,21,1.79,0.19347976256499644,0.3793103448275862,0.6947368421052632,0.49070631970260226
43,sigmoid,8,117,37,0.31426696703376783,0.3162393162393162,0.001972349205548396,0.10594627011639605,0.16785291343784964,0.06190664332145358,0.35695462103238207,0.7975552471442298,0.1602089500870223,0.16156462585034015,0.9916090805386222,0.0022588384003061424,0.11307801260846828,0.46391323758087655,0.6721305885361332,0.8240607988572302,991,84.27,164,13.95,21,1.79,0.19347976256499644,0.3793103448275862,0.6947368421052632,0.49070631970260226
43,sigmoid,9,118,73,0.5001849275803761,0.6186440677966102,0.11845914021623405,0.10594627011639605,0.16785291343784964,0.06190664332145358,0.35695462103238207,0.7975552471442298,0.1602089500870223,0.16156462585034015,0.9916090805386222,0.0022588384003061424,0.11307801260846828,0.46391323758087655,0.6721305885361332,0.8240607988572302,991,84.27,164,13.95,21,1.79,0.19347976256499644,0.3793103448275862,0.6947368421052632,0.49070631970260226
44,sigmoid,0,118,5,0.014882475049832783,0.0423728813559322,0.02749040630609942,0.10649377371933597,0.1675857191431305,0.061091945423794536,0.35579105390724947,0.8013664994128323,0.161895499745743,0.16156462585034015,1.0020479352683882,0.002004259554152623,0.1160010406365185,0.477803511941191,0.6752131685996187,0.8194457718667307,992,84.35,163,13.86,21,1.79,0.2001957564650565,0.38596491228070173,0.6947368421052632,0.49624060150375937
44,sigmoid,1,118,7,0.03240870576651004,0.059322033898305086,0.026913328131795047,0.10649377371933597,0.1675857191431305,0.061091945423794536,0.35579105390724947,0.8013664994128323,0.161895499745743,0.16156462585034015,1.0020479352683882,0.002004259554152623,0.1160010406365185,0.477803511941191,0.6752131685996187,0.8194457718667307,992,84.35,163,13.86,21,1.79,0.2001957564650565,0.38596491228070173,0.6947368421052632,0.49624060150375937
44,sigmoid,2,117,6,0.05264111666875873,0.05128205128205128,-0.0013590653867074504,0.10649377371933597,0.1675857191431305,0.061091945423794536,0.35579105390724947,0.8013664994128323,0.161895499745743,0.16156462585034015,1.0020479352683882,0.002004259554152623,0.1160010406365185,0.477803511941191,0.6752131685996187,0.8194457718667307,992,84.35,163,13.86,21,1.79,0.2001957564650565,0.38596491228070173,0.6947368421052632,0.49624060150375937
44,sigmoid,3,118,7,0.07285133254123165,0.059322033898305086,-0.013529298642926561,0.10649377371933597,0.1675857191431305,0.061091945423794536,0.35579105390724947,0.8013664994128323,0.161895499745743,0.16156462585034015,1.0020479352683882,0.002004259554152623,0.1160010406365185,0.477803511941191,0.6752131685996187,0.8194457718667307,992,84.35,163,13.86,21,1.79,0.2001957564650565,0.38596491228070173,0.6947368421052632,0.49624060150375937
44,sigmoid,4,117,4,0.09985786048401707,0.03418803418803419,-0.06566982629598288,0.10649377371933597,0.1675857191431305,0.061091945423794536,0.35579105390724947,0.8013664994128323,0.161895499745743,0.16156462585034015,1.0020479352683882,0.002004259554152623,0.1160010406365185,0.477803511941191,0.6752131685996187,0.8194457718667307,992,84.35,163,13.86,21,1.79,0.2001957564650565,0.38596491228070173,0.6947368421052632,0.49624060150375937
44,sigmoid,5,118,13,0.1334258518656535,0.11016949152542373,-0.02325636034022978,0.10649377371933597,0.1675857191431305,0.061091945423794536,0.35579105390724947,0.8013664994128323,0.161895499745743,0.16156462585034015,1.0020479352683882,0.002004259554152623,0.1160010406365185,0.477803511941191,0.6752131685996187,0.8194457718667307,992,84.35,163,13.86,21,1.79,0.2001957564650565,0.38596491228070173,0.6947368421052632,0.49624060150375937
44,sigmoid,6,117,14,0.17705495070818522,0.11965811965811966,-0.05739683105006556,0.10649377371933597,0.1675857191431305,0.061091945423794536,0.35579105390724947,0.8013664994128323,0.161895499745743,0.16156462585034015,1.0020479352683882,0.002004259554152623,0.1160010406365185,0.477803511941191,0.6752131685996187,0.8194457718667307,992,84.35,163,13.86,21,1.79,0.2001957564650565,0.38596491228070173,0.6947368421052632,0.49624060150375937
44,sigmoid,7,118,28,0.22698782902378264,0.23728813559322035,0.0103003065694377,0.10649377371933597,0.1675857191431305,0.061091945423794536,0.35579105390724947,0.8013664994128323,0.161895499745743,0.16156462585034015,1.0020479352683882,0.002004259554152623,0.1160010406365185,0.477803511941191,0.6752131685996187,0.8194457718667307,992,84.35,163,13.86,21,1.79,0.2001957564650565,0.38596491228070173,0.6947368421052632,0.49624060150375937
44,sigmoid,8,117,32,0.30905876748851097,0.27350427350427353,-0.035554493984237434,0.10649377371933597,0.1675857191431305,0.061091945423794536,0.35579105390724947,0.8013664994128323,0.161895499745743,0.16156462585034015,1.0020479352683882,0.002004259554152623,0.1160010406365185,0.477803511941191,0.6752131685996187,0.8194457718667307,992,84.35,163,13.86,21,1.79,0.2001957564650565,0.38596491228070173,0.6947368421052632,0.49624060150375937
44,sigmoid,9,118,74,0.49971009681320566,0.6271186440677966,0.12740854725459094,0.10649377371933597,0.1675857191431305,0.061091945423794536,0.35579105390724947,0.8013664994128323,0.161895499745743,0.16156462585034015,1.0020479352683882,0.002004259554152623,0.1160010406365185,0.477803511941191,0.6752131685996187,0.8194457718667307,992,84.35,163,13.86,21,1.79,0.2001957564650565,0.38596491228070173,0.6947368421052632,0.49624060150375937
45,sigmoid,0,118,5,0.016579709836865315,0.0423728813559322,0.025793171519066887,0.10489663929015858,0.1686530717475439,0.06375643245738533,0.34991612668922284,0.8103341518095442,0.1622876927759963,0.16156462585034015,1.0044754037082717,0.0036788830818896417,0.11728108151274794,0.45399917086059005,0.6758370734555837,0.8035029464424241,993,84.44,158,13.44,25,2.13,0.21120436462271125,0.41324921135646686,0.6894736842105263,0.5167652859960552
45,sigmoid,1,118,5,0.03439902431944779,0.0423728813559322,0.007973857036484414,0.10489663929015858,0.1686530717475439,0.06375643245738533,0.34991612668922284,0.8103341518095442,0.1622876927759963,0.16156462585034015,1.0044754037082717,0.0036788830818896417,0.11728108151274794,0.45399917086059005,0.6758370734555837,0.8035029464424241,993,84.44,158,13.44,25,2.13,0.21120436462271125,0.41324921135646686,0.6894736842105263,0.5167652859960552
45,sigmoid,2,117,8,0.05379321510815125,0.06837606837606838,0.014582853267917133,0.10489663929015858,0.1686530717475439,0.06375643245738533,0.34991612668922284,0.8103341518095442,0.1622876927759963,0.16156462585034015,1.0044754037082717,0.0036788830818896417,0.11728108151274794,0.45399917086059005,0.6758370734555837,0.8035029464424241,993,84.44,158,13.44,25,2.13,0.21120436462271125,0.41324921135646686,0.6894736842105263,0.5167652859960552
45,sigmoid,3,118,4,0.07391579715854137,0.03389830508474576,-0.0400174920737956,0.10489663929015858,0.1686530717475439,0.06375643245738533,0.34991612668922284,0.8103341518095442,0.1622876927759963,0.16156462585034015,1.0044754037082717,0.0036788830818896417,0.11728108151274794,0.45399917086059005,0.6758370734555837,0.8035029464424241,993,84.44,158,13.44,25,2.13,0.21120436462271125,0.41324921135646686,0.6894736842105263,0.5167652859960552
45,sigmoid,4,117,6,0.10134595184659423,0.05128205128205128,-0.05006390056454295,0.10489663929015858,0.1686530717475439,0.06375643245738533,0.34991612668922284,0.8103341518095442,0.1622876927759963,0.16156462585034015,1.0044754037082717,0.0036788830818896417,0.11728108151274794,0.45399917086059005,0.6758370734555837,0.8035029464424241,993,84.44,158,13.44,25,2.13,0.21120436462271125,0.41324921135646686,0.6894736842105263,0.5167652859960552
45,sigmoid,5,118,11,0.13479971474809083,0.09322033898305085,-0.04157937576503998,0.10489663929015858,0.1686530717475439,0.06375643245738533,0.34991612668922284,0.8103341518095442,0.1622876927759963,0.16156462585034015,1.0044754037082717,0.0036788830818896417,0.11728108151274794,0.45399917086059005,0.6758370734555837,0.8035029464424241,993,84.44,158,13.44,25,2.13,0.21120436462271125,0.41324921135646686,0.6894736842105263,0.5167652859960552
45,sigmoid,6,117,13,0.1761255826550547,0.1111111111111111,-0.0650144715439436,0.10489663929015858,0.1686530717475439,0.06375643245738533,0.34991612668922284,0.8103341518095442,0.1622876927759963,0.16156462585034015,1.0044754037082717,0.0036788830818896417,0.11728108151274794,0.45399917086059005,0.6758370734555837,0.8035029464424241,993,84.44,158,13.44,25,2.13,0.21120436462271125,0.41324921135646686,0.6894736842105263,0.5167652859960552
45,sigmoid,7,118,28,0.22813533642755118,0.23728813559322035,0.009152799165669162,0.10489663929015858,0.1686530717475439,0.06375643245738533,0.34991612668922284,0.8103341518095442,0.1622876927759963,0.16156462585034015,1.0044754037082717,0.0036788830818896417,0.11728108151274794,0.45399917086059005,0.6758370734555837,0.8035029464424241,993,84.44,158,13.44,25,2.13,0.21120436462271125,0.41324921135646686,0.6894736842105263,0.5167652859960552
45,sigmoid,8,117,34,0.30888335689994384,0.2905982905982906,-0.01828506630165322,0.10489663929015858,0.1686530717475439,0.06375643245738533,0.34991612668922284,0.8103341518095442,0.1622876927759963,0.16156462585034015,1.0044754037082717,0.0036788830818896417,0.11728108151274794,0.45399917086059005,0.6758370734555837,0.8035029464424241,993,84.44,158,13.44,25,2.13,0.21120436462271125,0.41324921135646686,0.6894736842105263,0.5167652859960552
45,sigmoid,9,118,76,0.49482294499197493,0.6440677966101694,0.1492448516181945,0.10489663929015858,0.1686530717475439,0.06375643245738533,0.34991612668922284,0.8103341518095442,0.1622876927759963,0.16156462585034015,1.0044754037082717,0.0036788830818896417,0.11728108151274794,0.45399917086059005,0.6758370734555837,0.8035029464424241,993,84.44,158,13.44,25,2.13,0.21120436462271125,0.41324921135646686,0.6894736842105263,0.5167652859960552
42,isotonic,0,124,4,0.012464785476835473,0.03225806451612903,0.01979327903929356,0.10515417342624804,0.17102073712871702,0.06586656370246897,0.37961183252596087,0.7974618340984305,0.1592938890056078,0.16156462585034015,0.985945334055762,0.0,0.0805174872313396,0.5836435074872302,0.8414618517816286,0.96,994,84.52,126,10.71,56,4.76,0.1748655710071639,0.38,0.7,0.4925925925925926
42,isotonic,1,115,10,0.030832675660640185,0.08695652173913043,0.05612384607849025,0.10515417342624804,0.17102073712871702,0.06586656370246897,0.37961183252596087,0.7974618340984305,0.1592938890056078,0.16156462585034015,0.985945334055762,0.0,0.0805174872313396,0.5836435074872302,0.8414618517816286,0.96,994,84.52,126,10.71,56,4.76,0.1748655710071639,0.38,0.7,0.4925925925925926
42,isotonic,2,115,8,0.045774541515826564,0.06956521739130435,0.023790675875477785,0.10515417342624804,0.17102073712871702,0.06586656370246897,0.37961183252596087,0.7974618340984305,0.1592938890056078,0.16156462585034015,0.985945334055762,0.0,0.0805174872313396,0.5836435074872302,0.8414618517816286,0.96,994,84.52,126,10.71,56,4.76,0.1748655710071639,0.38,0.7,0.4925925925925926
42,isotonic,3,117,2,0.05652172579814933,0.017094017094017096,-0.03942770870413224,0.10515417342624804,0.17102073712871702,0.06586656370246897,0.37961183252596087,0.7974618340984305,0.1592938890056078,0.16156462585034015,0.985945334055762,0.0,0.0805174872313396,0.5836435074872302,0.8414618517816286,0.96,994,84.52,126,10.71,56,4.76,0.1748655710071639,0.38,0.7,0.4925925925925926
42,isotonic,4,118,7,0.06966469663891534,0.059322033898305086,-0.01034266274061025,0.10515417342624804,0.17102073712871702,0.06586656370246897,0.37961183252596087,0.7974618340984305,0.1592938890056078,0.16156462585034015,0.985945334055762,0.0,0.0805174872313396,0.5836435074872302,0.8414618517816286,0.96,994,84.52,126,10.71,56,4.76,0.1748655710071639,0.38,0.7,0.4925925925925926
42,isotonic,5,117,9,0.09604933141260025,0.07692307692307693,-0.01912625448952332,0.10515417342624804,0.17102073712871702,0.06586656370246897,0.37961183252596087,0.7974618340984305,0.1592938890056078,0.16156462585034015,0.985945334055762,0.0,0.0805174872313396,0.5836435074872302,0.8414618517816286,0.96,994,84.52,126,10.71,56,4.76,0.1748655710071639,0.38,0.7,0.4925925925925926
42,isotonic,6,117,16,0.14152128322865404,0.13675213675213677,-0.004769146476517272,0.10515417342624804,0.17102073712871702,0.06586656370246897,0.37961183252596087,0.7974618340984305,0.1592938890056078,0.16156462585034015,0.985945334055762,0.0,0.0805174872313396,0.5836435074872302,0.8414618517816286,0.96,994,84.52,126,10.71,56,4.76,0.1748655710071639,0.38,0.7,0.4925925925925926
42,isotonic,7,118,23,0.20816887474312343,0.19491525423728814,-0.013253620505835284,0.10515417342624804,0.17102073712871702,0.06586656370246897,0.37961183252596087,0.7974618340984305,0.1592938890056078,0.16156462585034015,0.985945334055762,0.0,0.0805174872313396,0.5836435074872302,0.8414618517816286,0.96,994,84.52,126,10.71,56,4.76,0.1748655710071639,0.38,0.7,0.4925925925925926
42,isotonic,8,117,40,0.3132482237886317,0.3418803418803419,0.02863211809171018,0.10515417342624804,0.17102073712871702,0.06586656370246897,0.37961183252596087,0.7974618340984305,0.1592938890056078,0.16156462585034015,0.985945334055762,0.0,0.0805174872313396,0.5836435074872302,0.8414618517816286,0.96,994,84.52,126,10.71,56,4.76,0.1748655710071639,0.38,0.7,0.4925925925925926
42,isotonic,9,118,71,0.6197537513424811,0.6016949152542372,-0.01805883608824388,0.10515417342624804,0.17102073712871702,0.06586656370246897,0.37961183252596087,0.7974618340984305,0.1592938890056078,0.16156462585034015,0.985945334055762,0.0,0.0805174872313396,0.5836435074872302,0.8414618517816286,0.96,994,84.52,126,10.71,56,4.76,0.1748655710071639,0.38,0.7,0.4925925925925926
43,isotonic,0,118,5,0.009536256641841543,0.0423728813559322,0.032836624714090656,0.10561669172652179,0.16785291343784964,0.06223622171132785,0.41262098762906024,0.7965623999145939,0.1630103760058141,0.16156462585034015,1.0089484325412494,0.0,0.07820164499553568,0.6196606705038807,0.8831664170783905,1.0,982,83.5,131,11.14,63,5.36,0.18306976234607814,0.3916913946587537,0.6947368421052632,0.5009487666034156
43,isotonic,1,118,6,0.02867275709407652,0.05084745762711865,0.022174700533042126,0.10561669172652179,0.16785291343784964,0.06223622171132785,0.41262098762906024,0.7965623999145939,0.1630103760058141,0.16156462585034015,1.0089484325412494,0.0,0.07820164499553568,0.6196606705038807,0.8831664170783905,1.0,982,83.5,131,11.14,63,5.36,0.18306976234607814,0.3916913946587537,0.6947368421052632,0.5009487666034156
43,isotonic,2,117,7,0.04429521246792354,0.05982905982905983,0.015533847361136291,0.10561669172652179,0.16785291343784964,0.06223622171132785,0.41262098762906024,0.7965623999145939,0.1630103760058141,0.16156462585034015,1.0089484325412494,0.0,0.07820164499553568,0.6196606705038807,0.8831664170783905,1.0,982,83.5,131,11.14,63,5.36,0.18306976234607814,0.3916913946587537,0.6947368421052632,0.5009487666034156
43,isotonic,3,124,7,0.058211670115700956,0.056451612903225805,-0.001760057212475151,0.10561669172652179,0.16785291343784964,0.06223622171132785,0.41262098762906024,0.7965623999145939,0.1630103760058141,0.16156462585034015,1.0089484325412494,0.0,0.07820164499553568,0.6196606705038807,0.8831664170783905,1.0,982,83.5,131,11.14,63,5.36,0.18306976234607814,0.3916913946587537,0.6947368421052632,0.5009487666034156
43,isotonic,4,127,8,0.07449724700928237,0.06299212598425197,-0.011505121025030401,0.10561669172652179,0.16785291343784964,0.06223622171132785,0.41262098762906024,0.7965623999145939,0.1630103760058141,0.16156462585034015,1.0089484325412494,0.0,0.07820164499553568,0.6196606705038807,0.8831664170783905,1.0,982,83.5,131,11.14,63,5.36,0.18306976234607814,0.3916913946587537,0.6947368421052632,0.5009487666034156
43,isotonic,5,104,11,0.09537985369888229,0.10576923076923077,0.010389377070348482,0.10561669172652179,0.16785291343784964,0.06223622171132785,0.41262098762906024,0.7965623999145939,0.1630103760058141,0.16156462585034015,1.0089484325412494,0.0,0.07820164499553568,0.6196606705038807,0.8831664170783905,1.0,982,83.5,131,11.14,63,5.36,0.18306976234607814,0.3916913946587537,0.6947368421052632,0.5009487666034156
43,isotonic,6,115,12,0.13830060600185684,0.10434782608695652,-0.033952779914900325,0.10561669172652179,0.16785291343784964,0.06223622171132785,0.41262098762906024,0.7965623999145939,0.1630103760058141,0.16156462585034015,1.0089484325412494,0.0,0.07820164499553568,0.6196606705038807,0.8831664170783905,1.0,982,83.5,131,11.14,63,5.36,0.18306976234607814,0.3916913946587537,0.6947368421052632,0.5009487666034156
43,isotonic,7,118,25,0.20760362401185922,0.211864406779661,0.004260782767801785,0.10561669172652179,0.16785291343784964,0.06223622171132785,0.41262098762906024,0.7965623999145939,0.1630103760058141,0.16156462585034015,1.0089484325412494,0.0,0.07820164499553568,0.6196606705038807,0.8831664170783905,1.0,982,83.5,131,11.14,63,5.36,0.18306976234607814,0.3916913946587537,0.6947368421052632,0.5009487666034156
43,isotonic,8,117,35,0.3318340547164157,0.29914529914529914,-0.03268875557111656,0.10561669172652179,0.16785291343784964,0.06223622171132785,0.41262098762906024,0.7965623999145939,0.1630103760058141,0.16156462585034015,1.0089484325412494,0.0,0.07820164499553568,0.6196606705038807,0.8831664170783905,1.0,982,83.5,131,11.14,63,5.36,0.18306976234607814,0.3916913946587537,0.6947368421052632,0.5009487666034156
43,isotonic,9,118,74,0.645624701089906,0.6271186440677966,-0.01850605702210939,0.10561669172652179,0.16785291343784964,0.06223622171132785,0.41262098762906024,0.7965623999145939,0.1630103760058141,0.16156462585034015,1.0089484325412494,0.0,0.07820164499553568,0.6196606705038807,0.8831664170783905,1.0,982,83.5,131,11.14,63,5.36,0.18306976234607814,0.3916913946587537,0.6947368421052632,0.5009487666034156
44,isotonic,0,118,5,0.010952613971787333,0.0423728813559322,0.03142026738414487,0.10507004742901367,0.1675857191431305,0.06251567171411683,0.37852975228394925,0.7986254937546706,0.16081552753478984,0.16156462585034015,0.995363475689015,0.0,0.08457849340202281,0.6019674427264146,0.8660077221740882,1.0,990,84.18,127,10.8,59,5.02,0.17057297627370502,0.3848396501457726,0.6947368421052632,0.49530956848030017
44,isotonic,1,128,8,0.031863502602166846,0.0625,0.030636497397833154,0.10507004742901367,0.1675857191431305,0.06251567171411683,0.37852975228394925,0.7986254937546706,0.16081552753478984,0.16156462585034015,0.995363475689015,0.0,0.08457849340202281,0.6019674427264146,0.8660077221740882,1.0,990,84.18,127,10.8,59,5.02,0.17057297627370502,0.3848396501457726,0.6947368421052632,0.49530956848030017
44,isotonic,2,108,7,0.049184195243677245,0.06481481481481481,0.015630619571137566,0.10507004742901367,0.1675857191431305,0.06251567171411683,0.37852975228394925,0.7986254937546706,0.16081552753478984,0.16156462585034015,0.995363475689015,0.0,0.08457849340202281,0.6019674427264146,0.8660077221740882,1.0,990,84.18,127,10.8,59,5.02,0.17057297627370502,0.3848396501457726,0.6947368421052632,0.49530956848030017
44,isotonic,3,120,2,0.06096796668994007,0.016666666666666666,-0.0443013000232734,0.10507004742901367,0.1675857191431305,0.06251567171411683,0.37852975228394925,0.7986254937546706,0.16081552753478984,0.16156462585034015,0.995363475689015,0.0,0.08457849340202281,0.6019674427264146,0.8660077221740882,1.0,990,84.18,127,10.8,59,5.02,0.17057297627370502,0.3848396501457726,0.6947368421052632,0.49530956848030017
44,isotonic,4,116,8,0.07520225101121998,0.06896551724137931,-0.006236733769840672,0.10507004742901367,0.1675857191431305,0.06251567171411683,0.37852975228394925,0.7986254937546706,0.16081552753478984,0.16156462585034015,0.995363475689015,0.0,0.08457849340202281,0.6019674427264146,0.8660077221740882,1.0,990,84.18,127,10.8,59,5.02,0.17057297627370502,0.3848396501457726,0.6947368421052632,0.49530956848030017
44,isotonic,5,116,9,0.09715519511638657,0.07758620689655173,-0.01956898821983484,0.10507004742901367,0.1675857191431305,0.06251567171411683,0.37852975228394925,0.7986254937546706,0.16081552753478984,0.16156462585034015,0.995363475689015,0.0,0.08457849340202281,0.6019674427264146,0.8660077221740882,1.0,990,84.18,127,10.8,59,5.02,0.17057297627370502,0.3848396501457726,0.6947368421052632,0.49530956848030017
44,isotonic,6,117,18,0.13225902689860072,0.15384615384615385,0.02158712694755313,0.10507004742901367,0.1675857191431305,0.06251567171411683,0.37852975228394925,0.7986254937546706,0.16081552753478984,0.16156462585034015,0.995363475689015,0.0,0.08457849340202281,0.6019674427264146,0.8660077221740882,1.0,990,84.18,127,10.8,59,5.02,0.17057297627370502,0.3848396501457726,0.6947368421052632,0.49530956848030017
44,isotonic,7,118,23,0.2053720056150574,0.19491525423728814,-0.010456751377769247,0.10507004742901367,0.1675857191431305,0.06251567171411683,0.37852975228394925,0.7986254937546706,0.16081552753478984,0.16156462585034015,0.995363475689015,0.0,0.08457849340202281,0.6019674427264146,0.8660077221740882,1.0,990,84.18,127,10.8,59,5.02,0.17057297627370502,0.3848396501457726,0.6947368421052632,0.49530956848030017
44,isotonic,8,117,38,0.3168133677486039,0.3247863247863248,0.007972957037720885,0.10507004742901367,0.1675857191431305,0.06251567171411683,0.37852975228394925,0.7986254937546706,0.16081552753478984,0.16156462585034015,0.995363475689015,0.0,0.08457849340202281,0.6019674427264146,0.8660077221740882,1.0,990,84.18,127,10.8,59,5.02,0.17057297627370502,0.3848396501457726,0.6947368421052632,0.49530956848030017
44,isotonic,9,118,72,0.6300952874826491,0.6101694915254238,-0.019925795957225323,0.10507004742901367,0.1675857191431305,0.06251567171411683,0.37852975228394925,0.7986254937546706,0.16081552753478984,0.16156462585034015,0.995363475689015,0.0,0.08457849340202281,0.6019674427264146,0.8660077221740882,1.0,990,84.18,127,10.8,59,5.02,0.17057297627370502,0.3848396501457726,0.6947368421052632,0.49530956848030017
45,isotonic,0,119,5,0.013666873551193674,0.04201680672268908,0.028349933171495405,0.10346330342150224,0.1686530717475439,0.06518976832604166,0.374754286192148,0.8084392014519057,0.16215047057151927,0.16156462585034015,1.0036260704847717,0.0,0.08327386758021435,0.5720785602562262,0.8845336002561175,0.9900626578949966,971,82.57,149,12.67,56,4.76,0.1702930402930403,0.4055727554179567,0.6894736842105263,0.5107212475633528
45,isotonic,1,120,8,0.031343711159828515,0.06666666666666667,0.03532295550683815,0.10346330342150224,0.1686530717475439,0.06518976832604166,0.374754286192148,0.8084392014519057,0.16215047057151927,0.16156462585034015,1.0036260704847717,0.0,0.08327386758021435,0.5720785602562262,0.8845336002561175,0.9900626578949966,971,82.57,149,12.67,56,4.76,0.1702930402930403,0.4055727554179567,0.6894736842105263,0.5107212475633528
45,isotonic,2,128,6,0.050769872673127575,0.046875,-0.003894872673127575,0.10346330342150224,0.1686530717475439,0.06518976832604166,0.374754286192148,0.8084392014519057,0.16215047057151927,0.16156462585034015,1.0036260704847717,0.0,0.08327386758021435,0.5720785602562262,0.8845336002561175,0.9900626578949966,971,82.57,149,12.67,56,4.76,0.1702930402930403,0.4055727554179567,0.6894736842105263,0.5107212475633528
45,isotonic,3,107,2,0.0608294003150427,0.018691588785046728,-0.042137811529995975,0.10346330342150224,0.1686530717475439,0.06518976832604166,0.374754286192148,0.8084392014519057,0.16215047057151927,0.16156462585034015,1.0036260704847717,0.0,0.08327386758021435,0.5720785602562262,0.8845336002561175,0.9900626578949966,971,82.57,149,12.67,56,4.76,0.1702930402930403,0.4055727554179567,0.6894736842105263,0.5107212475633528
45,isotonic,4,114,7,0.07271636348449546,0.06140350877192982,-0.011312854712565643,0.10346330342150224,0.1686530717475439,0.06518976832604166,0.374754286192148,0.8084392014519057,0.16215047057151927,0.16156462585034015,1.0036260704847717,0.0,0.08327386758021435,0.5720785602562262,0.8845336002561175,0.9900626578949966,971,82.57,149,12.67,56,4.76,0.1702930402930403,0.4055727554179567,0.6894736842105263,0.5107212475633528
45,isotonic,5,119,14,0.09955923596846182,0.11764705882352941,0.01808782285506759,0.10346330342150224,0.1686530717475439,0.06518976832604166,0.374754286192148,0.8084392014519057,0.16215047057151927,0.16156462585034015,1.0036260704847717,0.0,0.08327386758021435,0.5720785602562262,0.8845336002561175,0.9900626578949966,971,82.57,149,12.67,56,4.76,0.1702930402930403,0.4055727554179567,0.6894736842105263,0.5107212475633528
45,isotonic,6,116,8,0.13409381427425404,0.06896551724137931,-0.06512829703287473,0.10346330342150224,0.1686530717475439,0.06518976832604166,0.374754286192148,0.8084392014519057,0.16215047057151927,0.16156462585034015,1.0036260704847717,0.0,0.08327386758021435,0.5720785602562262,0.8845336002561175,0.9900626578949966,971,82.57,149,12.67,56,4.76,0.1702930402930403,0.4055727554179567,0.6894736842105263,0.5107212475633528
45,isotonic,7,118,31,0.19930986429831787,0.2627118644067797,0.06340200010846181,0.10346330342150224,0.1686530717475439,0.06518976832604166,0.374754286192148,0.8084392014519057,0.16215047057151927,0.16156462585034015,1.0036260704847717,0.0,0.08327386758021435,0.5720785602562262,0.8845336002561175,0.9900626578949966,971,82.57,149,12.67,56,4.76,0.1702930402930403,0.4055727554179567,0.6894736842105263,0.5107212475633528
45,isotonic,8,117,33,0.3340090430526699,0.28205128205128205,-0.051957761001387825,0.10346330342150224,0.1686530717475439,0.06518976832604166,0.374754286192148,0.8084392014519057,0.16215047057151927,0.16156462585034015,1.0036260704847717,0.0,0.08327386758021435,0.5720785602562262,0.8845336002561175,0.9900626578949966,971,82.57,149,12.67,56,4.76,0.1702930402930403,0.4055727554179567,0.6894736842105263,0.5107212475633528
45,isotonic,9,118,76,0.6271554370068518,0.6440677966101694,0.016912359603317606,0.10346330342150224,0.1686530717475439,0.06518976832604166,0.374754286192148,0.8084392014519057,0.16215047057151927,0.16156462585034015,1.0036260704847717,0.0,0.08327386758021435,0.5720785602562262,0.8845336002561175,0.9900626578949966,971,82.57,149,12.67,56,4.76,0.1702930402930403,0.4055727554179567,0.6894736842105263,0.5107212475633528
