seed,model,bin,bin_n,bin_n_positive,bin_mean_predicted,bin_fraction_positive,calibration_gap,brier_score,log_loss,roc_auc,mean_predicted_probability,actual_prevalence,mean_pred_over_prevalence_ratio,brier_improvement_vs_uncalibrated,raw_threshold,raw_threshold_precision,raw_threshold_recall,raw_threshold_f1,calibrated_matched_threshold,calibrated_matched_precision,calibrated_matched_recall,calibrated_matched_f1,score_min,score_max,score_median,score_p95,score_p99,f9_7_low_count,f9_7_low_pct,f9_7_medium_count,f9_7_medium_pct,f9_7_high_count,f9_7_high_pct,f9_7_high_count_full_dataset_approx
42,uncalibrated_logreg_smote,0,118,2,0.01794815668388473,0.01694915254237288,-0.0009990041415118486,0.17102073712871702,0.5129730906378019,0.8024927938507527,0.3686436050503041,0.16156462585034015,2.2817098923113557,0.06484413049436481,0.55,0.3888888888888889,0.7,0.5,,,,,,,,,,,,,,,,
42,uncalibrated_logreg_smote,1,118,7,0.05613428924159806,0.059322033898305086,0.0031877446567070283,0.17102073712871702,0.5129730906378019,0.8024927938507527,0.3686436050503041,0.16156462585034015,2.2817098923113557,0.06484413049436481,0.55,0.3888888888888889,0.7,0.5,,,,,,,,,,,,,,,,
42,uncalibrated_logreg_smote,2,117,8,0.10851165082348127,0.06837606837606838,-0.04013558244741289,0.17102073712871702,0.5129730906378019,0.8024927938507527,0.3686436050503041,0.16156462585034015,2.2817098923113557,0.06484413049436481,0.55,0.3888888888888889,0.7,0.5,,,,,,,,,,,,,,,,
42,uncalibrated_logreg_smote,3,118,7,0.17673433698731603,0.059322033898305086,-0.11741230308901093,0.17102073712871702,0.5129730906378019,0.8024927938507527,0.3686436050503041,0.16156462585034015,2.2817098923113557,0.06484413049436481,0.55,0.3888888888888889,0.7,0.5,,,,,,,,,,,,,,,,
42,uncalibrated_logreg_smote,4,117,9,0.26363777086917306,0.07692307692307693,-0.18671469394609613,0.17102073712871702,0.5129730906378019,0.8024927938507527,0.3686436050503041,0.16156462585034015,2.2817098923113557,0.06484413049436481,0.55,0.3888888888888889,0.7,0.5,,,,,,,,,,,,,,,,
42,uncalibrated_logreg_smote,5,118,9,0.3777408389626981,0.07627118644067797,-0.3014696525220201,0.17102073712871702,0.5129730906378019,0.8024927938507527,0.3686436050503041,0.16156462585034015,2.2817098923113557,0.06484413049436481,0.55,0.3888888888888889,0.7,0.5,,,,,,,,,,,,,,,,
42,uncalibrated_logreg_smote,6,117,13,0.489481458295204,0.1111111111111111,-0.3783703471840929,0.17102073712871702,0.5129730906378019,0.8024927938507527,0.3686436050503041,0.16156462585034015,2.2817098923113557,0.06484413049436481,0.55,0.3888888888888889,0.7,0.5,,,,,,,,,,,,,,,,
42,uncalibrated_logreg_smote,7,118,25,0.6018302967224582,0.211864406779661,-0.38996588994279724,0.17102073712871702,0.5129730906378019,0.8024927938507527,0.3686436050503041,0.16156462585034015,2.2817098923113557,0.06484413049436481,0.55,0.3888888888888889,0.7,0.5,,,,,,,,,,,,,,,,
42,uncalibrated_logreg_smote,8,117,36,0.7232605114822974,0.3076923076923077,-0.4155682037899897,0.17102073712871702,0.5129730906378019,0.8024927938507527,0.3686436050503041,0.16156462585034015,2.2817098923113557,0.06484413049436481,0.55,0.3888888888888889,0.7,0.5,,,,,,,,,,,,,,,,
42,uncalibrated_logreg_smote,9,118,74,0.8720916300219552,0.6271186440677966,-0.24497298595415862,0.17102073712871702,0.5129730906378019,0.8024927938507527,0.3686436050503041,0.16156462585034015,2.2817098923113557,0.06484413049436481,0.55,0.3888888888888889,0.7,0.5,,,,,,,,,,,,,,,,
42,calibrated_logreg_smote_sigmoid,0,118,4,0.014621355979132607,0.03389830508474576,0.019276949105613155,0.1061766066343522,0.3539354112116474,0.8031707056688374,0.1609945722016679,0.16156462585034015,0.9964716679429549,0.06484413049436481,0.55,0.3888888888888889,0.7,0.5,0.19709832935909297,0.3643835616438356,0.7,0.47927927927927927,0.002990644760411569,0.8477533729490577,0.11525367409984565,0.4572102735675089,0.693841088265859,989.0,84.1,164.0,13.95,23.0,1.96,29.0
42,calibrated_logreg_smote_sigmoid,1,118,4,0.03052606046447672,0.03389830508474576,0.003372244620269041,0.1061766066343522,0.3539354112116474,0.8031707056688374,0.1609945722016679,0.16156462585034015,0.9964716679429549,0.06484413049436481,0.55,0.3888888888888889,0.7,0.5,0.19709832935909297,0.3643835616438356,0.7,0.47927927927927927,0.002990644760411569,0.8477533729490577,0.11525367409984565,0.4572102735675089,0.693841088265859,989.0,84.1,164.0,13.95,23.0,1.96,29.0
42,calibrated_logreg_smote_sigmoid,2,117,8,0.04943774473796461,0.06837606837606838,0.01893832363810377,0.1061766066343522,0.3539354112116474,0.8031707056688374,0.1609945722016679,0.16156462585034015,0.9964716679429549,0.06484413049436481,0.55,0.3888888888888889,0.7,0.5,0.19709832935909297,0.3643835616438356,0.7,0.47927927927927927,0.002990644760411569,0.8477533729490577,0.11525367409984565,0.4572102735675089,0.693841088265859,989.0,84.1,164.0,13.95,23.0,1.96,29.0
42,calibrated_logreg_smote_sigmoid,3,118,7,0.06900620683201655,0.059322033898305086,-0.009684172933711467,0.1061766066343522,0.3539354112116474,0.8031707056688374,0.1609945722016679,0.16156462585034015,0.9964716679429549,0.06484413049436481,0.55,0.3888888888888889,0.7,0.5,0.19709832935909297,0.3643835616438356,0.7,0.47927927927927927,0.002990644760411569,0.8477533729490577,0.11525367409984565,0.4572102735675089,0.693841088265859,989.0,84.1,164.0,13.95,23.0,1.96,29.0
42,calibrated_logreg_smote_sigmoid,4,117,8,0.09620529972976603,0.06837606837606838,-0.02782923135369765,0.1061766066343522,0.3539354112116474,0.8031707056688374,0.1609945722016679,0.16156462585034015,0.9964716679429549,0.06484413049436481,0.55,0.3888888888888889,0.7,0.5,0.19709832935909297,0.3643835616438356,0.7,0.47927927927927927,0.002990644760411569,0.8477533729490577,0.11525367409984565,0.4572102735675089,0.693841088265859,989.0,84.1,164.0,13.95,23.0,1.96,29.0
42,calibrated_logreg_smote_sigmoid,5,118,9,0.13339328931105743,0.07627118644067797,-0.05712210287037946,0.1061766066343522,0.3539354112116474,0.8031707056688374,0.1609945722016679,0.16156462585034015,0.9964716679429549,0.06484413049436481,0.55,0.3888888888888889,0.7,0.5,0.19709832935909297,0.3643835616438356,0.7,0.47927927927927927,0.002990644760411569,0.8477533729490577,0.11525367409984565,0.4572102735675089,0.693841088265859,989.0,84.1,164.0,13.95,23.0,1.96,29.0
42,calibrated_logreg_smote_sigmoid,6,117,18,0.17617525011149446,0.15384615384615385,-0.022329096265340603,0.1061766066343522,0.3539354112116474,0.8031707056688374,0.1609945722016679,0.16156462585034015,0.9964716679429549,0.06484413049436481,0.55,0.3888888888888889,0.7,0.5,0.19709832935909297,0.3643835616438356,0.7,0.47927927927927927,0.002990644760411569,0.8477533729490577,0.11525367409984565,0.4572102735675089,0.693841088265859,989.0,84.1,164.0,13.95,23.0,1.96,29.0
42,calibrated_logreg_smote_sigmoid,7,118,21,0.23024917450342694,0.17796610169491525,-0.05228307280851169,0.1061766066343522,0.3539354112116474,0.8031707056688374,0.1609945722016679,0.16156462585034015,0.9964716679429549,0.06484413049436481,0.55,0.3888888888888889,0.7,0.5,0.19709832935909297,0.3643835616438356,0.7,0.47927927927927927,0.002990644760411569,0.8477533729490577,0.11525367409984565,0.4572102735675089,0.693841088265859,989.0,84.1,164.0,13.95,23.0,1.96,29.0
42,calibrated_logreg_smote_sigmoid,8,117,38,0.31225377384252145,0.3247863247863248,0.012532550943803344,0.1061766066343522,0.3539354112116474,0.8031707056688374,0.1609945722016679,0.16156462585034015,0.9964716679429549,0.06484413049436481,0.55,0.3888888888888889,0.7,0.5,0.19709832935909297,0.3643835616438356,0.7,0.47927927927927927,0.002990644760411569,0.8477533729490577,0.11525367409984565,0.4572102735675089,0.693841088265859,989.0,84.1,164.0,13.95,23.0,1.96,29.0
42,calibrated_logreg_smote_sigmoid,9,118,73,0.4979936154846108,0.6186440677966102,0.12065045231199939,0.1061766066343522,0.3539354112116474,0.8031707056688374,0.1609945722016679,0.16156462585034015,0.9964716679429549,0.06484413049436481,0.55,0.3888888888888889,0.7,0.5,0.19709832935909297,0.3643835616438356,0.7,0.47927927927927927,0.002990644760411569,0.8477533729490577,0.11525367409984565,0.4572102735675089,0.693841088265859,989.0,84.1,164.0,13.95,23.0,1.96,29.0
43,uncalibrated_logreg_smote,0,118,5,0.01627001312254911,0.0423728813559322,0.026102868233383092,0.16785291343784964,0.5094499142299787,0.801249065869542,0.36434077322077996,0.16156462585034015,2.2550776279349325,0.06190664332145358,0.55,0.40615384615384614,0.6947368421052632,0.512621359223301,,,,,,,,,,,,,,,,
43,uncalibrated_logreg_smote,1,118,4,0.05597200732523923,0.03389830508474576,-0.022073702240493466,0.16785291343784964,0.5094499142299787,0.801249065869542,0.36434077322077996,0.16156462585034015,2.2550776279349325,0.06190664332145358,0.55,0.40615384615384614,0.6947368421052632,0.512621359223301,,,,,,,,,,,,,,,,
43,uncalibrated_logreg_smote,2,117,10,0.10985513194276376,0.08547008547008547,-0.024385046472678293,0.16785291343784964,0.5094499142299787,0.801249065869542,0.36434077322077996,0.16156462585034015,2.2550776279349325,0.06190664332145358,0.55,0.40615384615384614,0.6947368421052632,0.512621359223301,,,,,,,,,,,,,,,,
43,uncalibrated_logreg_smote,3,118,4,0.1779308832108668,0.03389830508474576,-0.14403257812612105,0.16785291343784964,0.5094499142299787,0.801249065869542,0.36434077322077996,0.16156462585034015,2.2550776279349325,0.06190664332145358,0.55,0.40615384615384614,0.6947368421052632,0.512621359223301,,,,,,,,,,,,,,,,
43,uncalibrated_logreg_smote,4,117,10,0.26104252451100046,0.08547008547008547,-0.175572439040915,0.16785291343784964,0.5094499142299787,0.801249065869542,0.36434077322077996,0.16156462585034015,2.2550776279349325,0.06190664332145358,0.55,0.40615384615384614,0.6947368421052632,0.512621359223301,,,,,,,,,,,,,,,,
43,uncalibrated_logreg_smote,5,118,12,0.36240291703068156,0.1016949152542373,-0.26070800177644426,0.16785291343784964,0.5094499142299787,0.801249065869542,0.36434077322077996,0.16156462585034015,2.2550776279349325,0.06190664332145358,0.55,0.40615384615384614,0.6947368421052632,0.512621359223301,,,,,,,,,,,,,,,,
43,uncalibrated_logreg_smote,6,117,10,0.46940232402590026,0.08547008547008547,-0.3839322385558148,0.16785291343784964,0.5094499142299787,0.801249065869542,0.36434077322077996,0.16156462585034015,2.2550776279349325,0.06190664332145358,0.55,0.40615384615384614,0.6947368421052632,0.512621359223301,,,,,,,,,,,,,,,,
43,uncalibrated_logreg_smote,7,118,24,0.5859044009990464,0.2033898305084746,-0.3825145704905718,0.16785291343784964,0.5094499142299787,0.801249065869542,0.36434077322077996,0.16156462585034015,2.2550776279349325,0.06190664332145358,0.55,0.40615384615384614,0.6947368421052632,0.512621359223301,,,,,,,,,,,,,,,,
43,uncalibrated_logreg_smote,8,117,37,0.7287319076974598,0.3162393162393162,-0.41249259145814354,0.16785291343784964,0.5094499142299787,0.801249065869542,0.36434077322077996,0.16156462585034015,2.2550776279349325,0.06190664332145358,0.55,0.40615384615384614,0.6947368421052632,0.512621359223301,,,,,,,,,,,,,,,,
43,uncalibrated_logreg_smote,9,118,74,0.8768419680651232,0.6271186440677966,-0.24972332399732655,0.16785291343784964,0.5094499142299787,0.801249065869542,0.36434077322077996,0.16156462585034015,2.2550776279349325,0.06190664332145358,0.55,0.40615384615384614,0.6947368421052632,0.512621359223301,,,,,,,,,,,,,,,,
43,calibrated_logreg_smote_sigmoid,0,118,5,0.01363634208713363,0.0423728813559322,0.028736539268798572,0.10594627011639605,0.35695462103238207,0.7975552471442298,0.1602089500870223,0.16156462585034015,0.9916090805386222,0.06190664332145358,0.55,0.40615384615384614,0.6947368421052632,0.512621359223301,0.19347976256499644,0.3793103448275862,0.6947368421052632,0.49070631970260226,0.0022588384003061424,0.8240607988572302,0.11307801260846828,0.46391323758087655,0.6721305885361332,991.0,84.27,164.0,13.95,21.0,1.79,26.0
43,calibrated_logreg_smote_sigmoid,1,118,6,0.03025264721217852,0.05084745762711865,0.02059481041494013,0.10594627011639605,0.35695462103238207,0.7975552471442298,0.1602089500870223,0.16156462585034015,0.9916090805386222,0.06190664332145358,0.55,0.40615384615384614,0.6947368421052632,0.512621359223301,0.19347976256499644,0.3793103448275862,0.6947368421052632,0.49070631970260226,0.0022588384003061424,0.8240607988572302,0.11307801260846828,0.46391323758087655,0.6721305885361332,991.0,84.27,164.0,13.95,21.0,1.79,26.0
43,calibrated_logreg_smote_sigmoid,2,117,6,0.04930088014510966,0.05128205128205128,0.0019811711369416216,0.10594627011639605,0.35695462103238207,0.7975552471442298,0.1602089500870223,0.16156462585034015,0.9916090805386222,0.06190664332145358,0.55,0.40615384615384614,0.6947368421052632,0.512621359223301,0.19347976256499644,0.3793103448275862,0.6947368421052632,0.49070631970260226,0.0022588384003061424,0.8240607988572302,0.11307801260846828,0.46391323758087655,0.6721305885361332,991.0,84.27,164.0,13.95,21.0,1.79,26.0
43,calibrated_logreg_smote_sigmoid,3,118,6,0.07065280774204397,0.05084745762711865,-0.01980535011492532,0.10594627011639605,0.35695462103238207,0.7975552471442298,0.1602089500870223,0.16156462585034015,0.9916090805386222,0.06190664332145358,0.55,0.40615384615384614,0.6947368421052632,0.512621359223301,0.19347976256499644,0.3793103448275862,0.6947368421052632,0.49070631970260226,0.0022588384003061424,0.8240607988572302,0.11307801260846828,0.46391323758087655,0.6721305885361332,991.0,84.27,164.0,13.95,21.0,1.79,26.0
43,calibrated_logreg_smote_sigmoid,4,117,12,0.0989002814470083,0.10256410256410256,0.0036638211170942625,0.10594627011639605,0.35695462103238207,0.7975552471442298,0.1602089500870223,0.16156462585034015,0.9916090805386222,0.06190664332145358,0.55,0.40615384615384614,0.6947368421052632,0.512621359223301,0.19347976256499644,0.3793103448275862,0.6947368421052632,0.49070631970260226,0.0022588384003061424,0.8240607988572302,0.11307801260846828,0.46391323758087655,0.6721305885361332,991.0,84.27,164.0,13.95,21.0,1.79,26.0
43,calibrated_logreg_smote_sigmoid,5,118,10,0.1303478295638956,0.0847457627118644,-0.04560206685203119,0.10594627011639605,0.35695462103238207,0.7975552471442298,0.1602089500870223,0.16156462585034015,0.9916090805386222,0.06190664332145358,0.55,0.40615384615384614,0.6947368421052632,0.512621359223301,0.19347976256499644,0.3793103448275862,0.6947368421052632,0.49070631970260226,0.0022588384003061424,0.8240607988572302,0.11307801260846828,0.46391323758087655,0.6721305885361332,991.0,84.27,164.0,13.95,21.0,1.79,26.0
43,calibrated_logreg_smote_sigmoid,6,117,12,0.17025096105515727,0.10256410256410256,-0.06768685849105471,0.10594627011639605,0.35695462103238207,0.7975552471442298,0.1602089500870223,0.16156462585034015,0.9916090805386222,0.06190664332145358,0.55,0.40615384615384614,0.6947368421052632,0.512621359223301,0.19347976256499644,0.3793103448275862,0.6947368421052632,0.49070631970260226,0.0022588384003061424,0.8240607988572302,0.11307801260846828,0.46391323758087655,0.6721305885361332,991.0,84.27,164.0,13.95,21.0,1.79,26.0
43,calibrated_logreg_smote_sigmoid,7,118,23,0.22422707131993308,0.19491525423728814,-0.029311817082644936,0.10594627011639605,0.35695462103238207,0.7975552471442298,0.1602089500870223,0.16156462585034015,0.9916090805386222,0.06190664332145358,0.55,0.40615384615384614,0.6947368421052632,0.512621359223301,0.19347976256499644,0.3793103448275862,0.6947368421052632,0.49070631970260226,0.0022588384003061424,0.8240607988572302,0.11307801260846828,0.46391323758087655,0.6721305885361332,991.0,84.27,164.0,13.95,21.0,1.79,26.0
43,calibrated_logreg_smote_sigmoid,8,117,37,0.31426696703376783,0.3162393162393162,0.001972349205548396,0.10594627011639605,0.35695462103238207,0.7975552471442298,0.1602089500870223,0.16156462585034015,0.9916090805386222,0.06190664332145358,0.55,0.40615384615384614,0.6947368421052632,0.512621359223301,0.19347976256499644,0.3793103448275862,0.6947368421052632,0.49070631970260226,0.0022588384003061424,0.8240607988572302,0.11307801260846828,0.46391323758087655,0.6721305885361332,991.0,84.27,164.0,13.95,21.0,1.79,26.0
43,calibrated_logreg_smote_sigmoid,9,118,73,0.5001849275803761,0.6186440677966102,0.11845914021623405,0.10594627011639605,0.35695462103238207,0.7975552471442298,0.1602089500870223,0.16156462585034015,0.9916090805386222,0.06190664332145358,0.55,0.40615384615384614,0.6947368421052632,0.512621359223301,0.19347976256499644,0.3793103448275862,0.6947368421052632,0.49070631970260226,0.0022588384003061424,0.8240607988572302,0.11307801260846828,0.46391323758087655,0.6721305885361332,991.0,84.27,164.0,13.95,21.0,1.79,26.0
44,uncalibrated_logreg_smote,0,118,5,0.018619549456157014,0.0423728813559322,0.023753331899775187,0.1675857191431305,0.506904096304131,0.8035977367353475,0.3666180394020348,0.16156462585034015,2.269172707035752,0.061091945423794536,0.55,0.4036697247706422,0.6947368421052632,0.5106382978723404,,,,,,,,,,,,,,,,
44,uncalibrated_logreg_smote,1,118,5,0.0590055776433496,0.0423728813559322,-0.016632696287417398,0.1675857191431305,0.506904096304131,0.8035977367353475,0.3666180394020348,0.16156462585034015,2.269172707035752,0.061091945423794536,0.55,0.4036697247706422,0.6947368421052632,0.5106382978723404,,,,,,,,,,,,,,,,
44,uncalibrated_logreg_smote,2,117,9,0.1134167371338614,0.07692307692307693,-0.03649366021078447,0.1675857191431305,0.506904096304131,0.8035977367353475,0.3666180394020348,0.16156462585034015,2.269172707035752,0.061091945423794536,0.55,0.4036697247706422,0.6947368421052632,0.5106382978723404,,,,,,,,,,,,,,,,
44,uncalibrated_logreg_smote,3,118,4,0.1817805469182343,0.03389830508474576,-0.14788224183348855,0.1675857191431305,0.506904096304131,0.8035977367353475,0.3666180394020348,0.16156462585034015,2.269172707035752,0.061091945423794536,0.55,0.4036697247706422,0.6947368421052632,0.5106382978723404,,,,,,,,,,,,,,,,
44,uncalibrated_logreg_smote,4,117,7,0.26863705365693474,0.05982905982905983,-0.2088079938278749,0.1675857191431305,0.506904096304131,0.8035977367353475,0.3666180394020348,0.16156462585034015,2.269172707035752,0.061091945423794536,0.55,0.4036697247706422,0.6947368421052632,0.5106382978723404,,,,,,,,,,,,,,,,
44,uncalibrated_logreg_smote,5,118,10,0.36893076182424095,0.0847457627118644,-0.28418499911237655,0.1675857191431305,0.506904096304131,0.8035977367353475,0.3666180394020348,0.16156462585034015,2.269172707035752,0.061091945423794536,0.55,0.4036697247706422,0.6947368421052632,0.5106382978723404,,,,,,,,,,,,,,,,
44,uncalibrated_logreg_smote,6,117,15,0.4782368718593679,0.1282051282051282,-0.3500317436542397,0.1675857191431305,0.506904096304131,0.8035977367353475,0.3666180394020348,0.16156462585034015,2.269172707035752,0.061091945423794536,0.55,0.4036697247706422,0.6947368421052632,0.5106382978723404,,,,,,,,,,,,,,,,
44,uncalibrated_logreg_smote,7,118,25,0.5834835005578525,0.211864406779661,-0.37161909377819147,0.1675857191431305,0.506904096304131,0.8035977367353475,0.3666180394020348,0.16156462585034015,2.269172707035752,0.061091945423794536,0.55,0.4036697247706422,0.6947368421052632,0.5106382978723404,,,,,,,,,,,,,,,,
44,uncalibrated_logreg_smote,8,117,37,0.7188180926522726,0.3162393162393162,-0.40257877641295636,0.1675857191431305,0.506904096304131,0.8035977367353475,0.3666180394020348,0.16156462585034015,2.269172707035752,0.061091945423794536,0.55,0.4036697247706422,0.6947368421052632,0.5106382978723404,,,,,,,,,,,,,,,,
44,uncalibrated_logreg_smote,9,118,73,0.8762062497561642,0.6186440677966102,-0.25756218195955405,0.1675857191431305,0.506904096304131,0.8035977367353475,0.3666180394020348,0.16156462585034015,2.269172707035752,0.061091945423794536,0.55,0.4036697247706422,0.6947368421052632,0.5106382978723404,,,,,,,,,,,,,,,,
44,calibrated_logreg_smote_sigmoid,0,118,5,0.014882475049832783,0.0423728813559322,0.02749040630609942,0.10649377371933597,0.35579105390724947,0.8013664994128323,0.161895499745743,0.16156462585034015,1.0020479352683882,0.061091945423794536,0.55,0.4036697247706422,0.6947368421052632,0.5106382978723404,0.2001957564650565,0.38596491228070173,0.6947368421052632,0.49624060150375937,0.002004259554152623,0.8194457718667307,0.1160010406365185,0.477803511941191,0.6752131685996187,992.0,84.35,163.0,13.86,21.0,1.79,26.0
44,calibrated_logreg_smote_sigmoid,1,118,7,0.03240870576651004,0.059322033898305086,0.026913328131795047,0.10649377371933597,0.35579105390724947,0.8013664994128323,0.161895499745743,0.16156462585034015,1.0020479352683882,0.061091945423794536,0.55,0.4036697247706422,0.6947368421052632,0.5106382978723404,0.2001957564650565,0.38596491228070173,0.6947368421052632,0.49624060150375937,0.002004259554152623,0.8194457718667307,0.1160010406365185,0.477803511941191,0.6752131685996187,992.0,84.35,163.0,13.86,21.0,1.79,26.0
44,calibrated_logreg_smote_sigmoid,2,117,6,0.05264111666875873,0.05128205128205128,-0.0013590653867074504,0.10649377371933597,0.35579105390724947,0.8013664994128323,0.161895499745743,0.16156462585034015,1.0020479352683882,0.061091945423794536,0.55,0.4036697247706422,0.6947368421052632,0.5106382978723404,0.2001957564650565,0.38596491228070173,0.6947368421052632,0.49624060150375937,0.002004259554152623,0.8194457718667307,0.1160010406365185,0.477803511941191,0.6752131685996187,992.0,84.35,163.0,13.86,21.0,1.79,26.0
44,calibrated_logreg_smote_sigmoid,3,118,7,0.07285133254123165,0.059322033898305086,-0.013529298642926561,0.10649377371933597,0.35579105390724947,0.8013664994128323,0.161895499745743,0.16156462585034015,1.0020479352683882,0.061091945423794536,0.55,0.4036697247706422,0.6947368421052632,0.5106382978723404,0.2001957564650565,0.38596491228070173,0.6947368421052632,0.49624060150375937,0.002004259554152623,0.8194457718667307,0.1160010406365185,0.477803511941191,0.6752131685996187,992.0,84.35,163.0,13.86,21.0,1.79,26.0
44,calibrated_logreg_smote_sigmoid,4,117,4,0.09985786048401707,0.03418803418803419,-0.06566982629598288,0.10649377371933597,0.35579105390724947,0.8013664994128323,0.161895499745743,0.16156462585034015,1.0020479352683882,0.061091945423794536,0.55,0.4036697247706422,0.6947368421052632,0.5106382978723404,0.2001957564650565,0.38596491228070173,0.6947368421052632,0.49624060150375937,0.002004259554152623,0.8194457718667307,0.1160010406365185,0.477803511941191,0.6752131685996187,992.0,84.35,163.0,13.86,21.0,1.79,26.0
44,calibrated_logreg_smote_sigmoid,5,118,13,0.1334258518656535,0.11016949152542373,-0.02325636034022978,0.10649377371933597,0.35579105390724947,0.8013664994128323,0.161895499745743,0.16156462585034015,1.0020479352683882,0.061091945423794536,0.55,0.4036697247706422,0.6947368421052632,0.5106382978723404,0.2001957564650565,0.38596491228070173,0.6947368421052632,0.49624060150375937,0.002004259554152623,0.8194457718667307,0.1160010406365185,0.477803511941191,0.6752131685996187,992.0,84.35,163.0,13.86,21.0,1.79,26.0
44,calibrated_logreg_smote_sigmoid,6,117,14,0.17705495070818522,0.11965811965811966,-0.05739683105006556,0.10649377371933597,0.35579105390724947,0.8013664994128323,0.161895499745743,0.16156462585034015,1.0020479352683882,0.061091945423794536,0.55,0.4036697247706422,0.6947368421052632,0.5106382978723404,0.2001957564650565,0.38596491228070173,0.6947368421052632,0.49624060150375937,0.002004259554152623,0.8194457718667307,0.1160010406365185,0.477803511941191,0.6752131685996187,992.0,84.35,163.0,13.86,21.0,1.79,26.0
44,calibrated_logreg_smote_sigmoid,7,118,28,0.22698782902378264,0.23728813559322035,0.0103003065694377,0.10649377371933597,0.35579105390724947,0.8013664994128323,0.161895499745743,0.16156462585034015,1.0020479352683882,0.061091945423794536,0.55,0.4036697247706422,0.6947368421052632,0.5106382978723404,0.2001957564650565,0.38596491228070173,0.6947368421052632,0.49624060150375937,0.002004259554152623,0.8194457718667307,0.1160010406365185,0.477803511941191,0.6752131685996187,992.0,84.35,163.0,13.86,21.0,1.79,26.0
44,calibrated_logreg_smote_sigmoid,8,117,32,0.30905876748851097,0.27350427350427353,-0.035554493984237434,0.10649377371933597,0.35579105390724947,0.8013664994128323,0.161895499745743,0.16156462585034015,1.0020479352683882,0.061091945423794536,0.55,0.4036697247706422,0.6947368421052632,0.5106382978723404,0.2001957564650565,0.38596491228070173,0.6947368421052632,0.49624060150375937,0.002004259554152623,0.8194457718667307,0.1160010406365185,0.477803511941191,0.6752131685996187,992.0,84.35,163.0,13.86,21.0,1.79,26.0
44,calibrated_logreg_smote_sigmoid,9,118,74,0.49971009681320566,0.6271186440677966,0.12740854725459094,0.10649377371933597,0.35579105390724947,0.8013664994128323,0.161895499745743,0.16156462585034015,1.0020479352683882,0.061091945423794536,0.55,0.4036697247706422,0.6947368421052632,0.5106382978723404,0.2001957564650565,0.38596491228070173,0.6947368421052632,0.49624060150375937,0.002004259554152623,0.8194457718667307,0.1160010406365185,0.477803511941191,0.6752131685996187,992.0,84.35,163.0,13.86,21.0,1.79,26.0
45,uncalibrated_logreg_smote,0,118,5,0.016936106085935033,0.0423728813559322,0.02543677526999717,0.1686530717475439,0.5086122352067928,0.8089089356250667,0.3683973220644033,0.16156462585034015,2.280185530251254,0.06375643245738533,0.55,0.3786127167630058,0.6894736842105263,0.48880597014925375,,,,,,,,,,,,,,,,
45,uncalibrated_logreg_smote,1,118,5,0.05534923307555391,0.0423728813559322,-0.012976351719621707,0.1686530717475439,0.5086122352067928,0.8089089356250667,0.3683973220644033,0.16156462585034015,2.280185530251254,0.06375643245738533,0.55,0.3786127167630058,0.6894736842105263,0.48880597014925375,,,,,,,,,,,,,,,,
45,uncalibrated_logreg_smote,2,117,8,0.1079612481422035,0.06837606837606838,-0.03958517976613511,0.1686530717475439,0.5086122352067928,0.8089089356250667,0.3683973220644033,0.16156462585034015,2.280185530251254,0.06375643245738533,0.55,0.3786127167630058,0.6894736842105263,0.48880597014925375,,,,,,,,,,,,,,,,
45,uncalibrated_logreg_smote,3,118,5,0.1703975229094451,0.0423728813559322,-0.1280246415535129,0.1686530717475439,0.5086122352067928,0.8089089356250667,0.3683973220644033,0.16156462585034015,2.280185530251254,0.06375643245738533,0.55,0.3786127167630058,0.6894736842105263,0.48880597014925375,,,,,,,,,,,,,,,,
45,uncalibrated_logreg_smote,4,117,3,0.2655752948893604,0.02564102564102564,-0.23993426924833475,0.1686530717475439,0.5086122352067928,0.8089089356250667,0.3683973220644033,0.16156462585034015,2.280185530251254,0.06375643245738533,0.55,0.3786127167630058,0.6894736842105263,0.48880597014925375,,,,,,,,,,,,,,,,
45,uncalibrated_logreg_smote,5,118,14,0.37865178465485994,0.11864406779661017,-0.26000771685824975,0.1686530717475439,0.5086122352067928,0.8089089356250667,0.3683973220644033,0.16156462585034015,2.280185530251254,0.06375643245738533,0.55,0.3786127167630058,0.6894736842105263,0.48880597014925375,,,,,,,,,,,,,,,,
45,uncalibrated_logreg_smote,6,117,17,0.48791748802221635,0.1452991452991453,-0.342618342723071,0.1686530717475439,0.5086122352067928,0.8089089356250667,0.3683973220644033,0.16156462585034015,2.280185530251254,0.06375643245738533,0.55,0.3786127167630058,0.6894736842105263,0.48880597014925375,,,,,,,,,,,,,,,,
45,uncalibrated_logreg_smote,7,118,24,0.5980622318057717,0.2033898305084746,-0.3946724012972971,0.1686530717475439,0.5086122352067928,0.8089089356250667,0.3683973220644033,0.16156462585034015,2.280185530251254,0.06375643245738533,0.55,0.3786127167630058,0.6894736842105263,0.48880597014925375,,,,,,,,,,,,,,,,
45,uncalibrated_logreg_smote,8,117,33,0.7264054177833671,0.28205128205128205,-0.44435413573208504,0.1686530717475439,0.5086122352067928,0.8089089356250667,0.3683973220644033,0.16156462585034015,2.280185530251254,0.06375643245738533,0.55,0.3786127167630058,0.6894736842105263,0.48880597014925375,,,,,,,,,,,,,,,,
45,uncalibrated_logreg_smote,9,118,76,0.877685284466672,0.6440677966101694,-0.2336174878565026,0.1686530717475439,0.5086122352067928,0.8089089356250667,0.3683973220644033,0.16156462585034015,2.280185530251254,0.06375643245738533,0.55,0.3786127167630058,0.6894736842105263,0.48880597014925375,,,,,,,,,,,,,,,,
45,calibrated_logreg_smote_sigmoid,0,118,5,0.016579709836865315,0.0423728813559322,0.025793171519066887,0.10489663929015858,0.34991612668922284,0.8103341518095442,0.1622876927759963,0.16156462585034015,1.0044754037082717,0.06375643245738533,0.55,0.3786127167630058,0.6894736842105263,0.48880597014925375,0.21120436462271125,0.41324921135646686,0.6894736842105263,0.5167652859960552,0.0036788830818896417,0.8035029464424241,0.11728108151274794,0.45399917086059005,0.6758370734555837,993.0,84.44,158.0,13.44,25.0,2.13,31.0
45,calibrated_logreg_smote_sigmoid,1,118,5,0.03439902431944779,0.0423728813559322,0.007973857036484414,0.10489663929015858,0.34991612668922284,0.8103341518095442,0.1622876927759963,0.16156462585034015,1.0044754037082717,0.06375643245738533,0.55,0.3786127167630058,0.6894736842105263,0.48880597014925375,0.21120436462271125,0.41324921135646686,0.6894736842105263,0.5167652859960552,0.0036788830818896417,0.8035029464424241,0.11728108151274794,0.45399917086059005,0.6758370734555837,993.0,84.44,158.0,13.44,25.0,2.13,31.0
45,calibrated_logreg_smote_sigmoid,2,117,8,0.05379321510815125,0.06837606837606838,0.014582853267917133,0.10489663929015858,0.34991612668922284,0.8103341518095442,0.1622876927759963,0.16156462585034015,1.0044754037082717,0.06375643245738533,0.55,0.3786127167630058,0.6894736842105263,0.48880597014925375,0.21120436462271125,0.41324921135646686,0.6894736842105263,0.5167652859960552,0.0036788830818896417,0.8035029464424241,0.11728108151274794,0.45399917086059005,0.6758370734555837,993.0,84.44,158.0,13.44,25.0,2.13,31.0
45,calibrated_logreg_smote_sigmoid,3,118,4,0.07391579715854137,0.03389830508474576,-0.0400174920737956,0.10489663929015858,0.34991612668922284,0.8103341518095442,0.1622876927759963,0.16156462585034015,1.0044754037082717,0.06375643245738533,0.55,0.3786127167630058,0.6894736842105263,0.48880597014925375,0.21120436462271125,0.41324921135646686,0.6894736842105263,0.5167652859960552,0.0036788830818896417,0.8035029464424241,0.11728108151274794,0.45399917086059005,0.6758370734555837,993.0,84.44,158.0,13.44,25.0,2.13,31.0
45,calibrated_logreg_smote_sigmoid,4,117,6,0.10134595184659423,0.05128205128205128,-0.05006390056454295,0.10489663929015858,0.34991612668922284,0.8103341518095442,0.1622876927759963,0.16156462585034015,1.0044754037082717,0.06375643245738533,0.55,0.3786127167630058,0.6894736842105263,0.48880597014925375,0.21120436462271125,0.41324921135646686,0.6894736842105263,0.5167652859960552,0.0036788830818896417,0.8035029464424241,0.11728108151274794,0.45399917086059005,0.6758370734555837,993.0,84.44,158.0,13.44,25.0,2.13,31.0
45,calibrated_logreg_smote_sigmoid,5,118,11,0.13479971474809083,0.09322033898305085,-0.04157937576503998,0.10489663929015858,0.34991612668922284,0.8103341518095442,0.1622876927759963,0.16156462585034015,1.0044754037082717,0.06375643245738533,0.55,0.3786127167630058,0.6894736842105263,0.48880597014925375,0.21120436462271125,0.41324921135646686,0.6894736842105263,0.5167652859960552,0.0036788830818896417,0.8035029464424241,0.11728108151274794,0.45399917086059005,0.6758370734555837,993.0,84.44,158.0,13.44,25.0,2.13,31.0
45,calibrated_logreg_smote_sigmoid,6,117,13,0.1761255826550547,0.1111111111111111,-0.0650144715439436,0.10489663929015858,0.34991612668922284,0.8103341518095442,0.1622876927759963,0.16156462585034015,1.0044754037082717,0.06375643245738533,0.55,0.3786127167630058,0.6894736842105263,0.48880597014925375,0.21120436462271125,0.41324921135646686,0.6894736842105263,0.5167652859960552,0.0036788830818896417,0.8035029464424241,0.11728108151274794,0.45399917086059005,0.6758370734555837,993.0,84.44,158.0,13.44,25.0,2.13,31.0
45,calibrated_logreg_smote_sigmoid,7,118,28,0.22813533642755118,0.23728813559322035,0.009152799165669162,0.10489663929015858,0.34991612668922284,0.8103341518095442,0.1622876927759963,0.16156462585034015,1.0044754037082717,0.06375643245738533,0.55,0.3786127167630058,0.6894736842105263,0.48880597014925375,0.21120436462271125,0.41324921135646686,0.6894736842105263,0.5167652859960552,0.0036788830818896417,0.8035029464424241,0.11728108151274794,0.45399917086059005,0.6758370734555837,993.0,84.44,158.0,13.44,25.0,2.13,31.0
45,calibrated_logreg_smote_sigmoid,8,117,34,0.30888335689994384,0.2905982905982906,-0.01828506630165322,0.10489663929015858,0.34991612668922284,0.8103341518095442,0.1622876927759963,0.16156462585034015,1.0044754037082717,0.06375643245738533,0.55,0.3786127167630058,0.6894736842105263,0.48880597014925375,0.21120436462271125,0.41324921135646686,0.6894736842105263,0.5167652859960552,0.0036788830818896417,0.8035029464424241,0.11728108151274794,0.45399917086059005,0.6758370734555837,993.0,84.44,158.0,13.44,25.0,2.13,31.0
45,calibrated_logreg_smote_sigmoid,9,118,76,0.49482294499197493,0.6440677966101694,0.1492448516181945,0.10489663929015858,0.34991612668922284,0.8103341518095442,0.1622876927759963,0.16156462585034015,1.0044754037082717,0.06375643245738533,0.55,0.3786127167630058,0.6894736842105263,0.48880597014925375,0.21120436462271125,0.41324921135646686,0.6894736842105263,0.5167652859960552,0.0036788830818896417,0.8035029464424241,0.11728108151274794,0.45399917086059005,0.6758370734555837,993.0,84.44,158.0,13.44,25.0,2.13,31.0
